-- MySQL dump 10.13  Distrib 8.0.19, for Win64 (x86_64)
--
-- Host: localhost    Database: foursalesdb
-- ------------------------------------------------------
-- Server version	8.0.41

/*!40101 SET @OLD_CHARACTER_SET_CLIENT=@@CHARACTER_SET_CLIENT */;
/*!40101 SET @OLD_CHARACTER_SET_RESULTS=@@CHARACTER_SET_RESULTS */;
/*!40101 SET @OLD_COLLATION_CONNECTION=@@COLLATION_CONNECTION */;
/*!50503 SET NAMES utf8mb4 */;
/*!40103 SET @OLD_TIME_ZONE=@@TIME_ZONE */;
/*!40103 SET TIME_ZONE='+00:00' */;
/*!40014 SET @OLD_UNIQUE_CHECKS=@@UNIQUE_CHECKS, UNIQUE_CHECKS=0 */;
/*!40014 SET @OLD_FOREIGN_KEY_CHECKS=@@FOREIGN_KEY_CHECKS, FOREIGN_KEY_CHECKS=0 */;
/*!40101 SET @OLD_SQL_MODE=@@SQL_MODE, SQL_MODE='NO_AUTO_VALUE_ON_ZERO' */;
/*!40111 SET @OLD_SQL_NOTES=@@SQL_NOTES, SQL_NOTES=0 */;

--
-- Table structure for table `item_pedido`
--

DROP TABLE IF EXISTS `item_pedido`;
/*!40101 SET @saved_cs_client     = @@character_set_client */;
/*!50503 SET character_set_client = utf8mb4 */;
CREATE TABLE `item_pedido` (
  `id` bigint NOT NULL AUTO_INCREMENT,
  `ID_PEDIDO` bigint NOT NULL,
  `ID_PRODUTO` bigint NOT NULL,
  `QTD` int NOT NULL,
  `VALOR_TOTAL_ITEM` decimal(11,2) DEFAULT NULL,
  PRIMARY KEY (`id`),
  KEY `ID_PEDIDO` (`ID_PEDIDO`),
  KEY `ID_PRODUTO` (`ID_PRODUTO`),
  CONSTRAINT `item_pedido_ibfk_1` FOREIGN KEY (`ID_PEDIDO`) REFERENCES `pedido` (`id`),
  CONSTRAINT `item_pedido_ibfk_2` FOREIGN KEY (`ID_PRODUTO`) REFERENCES `produto` (`id`)
) ENGINE=InnoDB AUTO_INCREMENT=453 DEFAULT CHARSET=utf8mb4 COLLATE=utf8mb4_0900_ai_ci;
/*!40101 SET character_set_client = @saved_cs_client */;

--
-- Dumping data for table `item_pedido`
--

LOCK TABLES `item_pedido` WRITE;
/*!40000 ALTER TABLE `item_pedido` DISABLE KEYS */;
INSERT INTO `item_pedido` VALUES (1,1,2,6,79.80),(2,1,3,6,85.80),(3,2,2,6,79.80),(4,2,3,6,85.80),(5,3,2,6,79.80),(6,3,3,6,85.80),(7,4,2,6,79.80),(8,4,3,6,85.80),(9,5,2,6,79.80),(10,5,3,6,85.80),(11,6,2,6,79.80),(12,6,3,6,85.80),(13,7,2,6,79.80),(14,7,3,6,85.80),(15,8,2,6,79.80),(16,8,3,6,85.80),(17,9,2,6,79.80),(18,9,3,6,85.80),(19,10,2,6,79.80),(20,10,3,6,85.80),(21,11,2,6,79.80),(22,11,3,6,85.80),(23,12,2,6,79.80),(24,12,3,6,85.80),(25,13,2,6,79.80),(26,13,3,6,85.80),(27,14,2,6,79.80),(28,14,3,6,85.80),(29,15,2,6,79.80),(30,15,3,6,85.80),(31,16,2,6,79.80),(32,16,3,6,85.80),(33,17,2,6,79.80),(34,17,3,6,85.80),(35,18,2,6,79.80),(36,18,3,6,85.80),(37,19,2,6,79.80),(38,19,3,6,85.80),(39,20,2,6,79.80),(40,20,3,6,85.80),(41,21,2,6,79.80),(42,21,3,6,85.80),(43,21,4,3,45.90),(44,21,5,3,48.90),(45,21,6,2,34.60),(46,21,7,2,36.60),(47,21,8,6,115.80),(48,21,9,1,20.30),(49,21,10,2,42.60),(50,22,2,6,79.80),(51,22,3,6,85.80),(52,22,4,3,45.90),(53,22,5,3,48.90),(54,22,6,2,34.60),(55,22,7,2,36.60),(56,22,8,6,115.80),(57,22,9,1,20.30),(58,22,10,2,42.60),(59,23,2,6,79.80),(60,23,3,6,85.80),(61,23,4,3,45.90),(62,23,5,3,48.90),(63,23,6,2,34.60),(64,23,7,2,36.60),(65,23,8,6,115.80),(66,23,9,1,20.30),(67,23,10,2,42.60),(68,24,2,6,79.80),(69,24,3,6,85.80),(70,24,4,3,45.90),(71,24,5,3,48.90),(72,24,6,2,34.60),(73,24,7,2,36.60),(74,24,8,6,115.80),(75,24,9,1,20.30),(76,24,10,2,42.60),(77,25,2,6,79.80),(78,25,3,6,85.80),(79,25,4,3,45.90),(80,25,5,3,48.90),(81,25,6,2,34.60),(82,25,7,2,36.60),(83,25,8,6,115.80),(84,25,9,1,20.30),(85,25,10,2,42.60),(86,26,2,6,79.80),(87,26,3,6,85.80),(88,26,4,3,45.90),(89,26,5,3,48.90),(90,26,6,2,34.60),(91,26,7,2,36.60),(92,26,8,6,115.80),(93,26,9,1,20.30),(94,26,10,2,42.60),(95,27,2,6,79.80),(96,27,3,6,85.80),(97,27,4,3,45.90),(98,27,5,3,48.90),(99,27,6,2,34.60),(100,27,7,2,36.60),(101,27,8,6,115.80),(102,27,9,1,20.30),(103,27,10,2,42.60),(104,28,2,6,79.80),(105,28,3,6,85.80),(106,28,4,3,45.90),(107,28,5,3,48.90),(108,28,6,2,34.60),(109,28,7,2,36.60),(110,28,8,6,115.80),(111,28,9,1,20.30),(112,28,10,2,42.60),(113,29,2,6,79.80),(114,29,3,6,85.80),(115,29,4,3,45.90),(116,29,5,3,48.90),(117,29,6,2,34.60),(118,29,7,2,36.60),(119,29,8,6,115.80),(120,29,9,1,20.30),(121,29,10,2,42.60),(122,30,2,6,79.80),(123,30,3,6,85.80),(124,30,4,3,45.90),(125,30,5,3,48.90),(126,30,6,2,34.60),(127,30,7,2,36.60),(128,30,8,6,115.80),(129,30,9,1,20.30),(130,30,10,2,42.60),(131,31,2,6,79.80),(132,31,3,6,85.80),(133,31,4,3,45.90),(134,31,5,3,48.90),(135,31,6,2,34.60),(136,31,7,2,36.60),(137,31,8,6,115.80),(138,31,9,1,20.30),(139,31,10,2,42.60),(140,32,2,6,79.80),(141,32,3,6,85.80),(142,32,4,3,45.90),(143,32,5,3,48.90),(144,32,6,2,34.60),(145,32,7,2,36.60),(146,32,8,6,115.80),(147,32,9,1,20.30),(148,32,10,2,42.60),(149,33,2,6,79.80),(150,33,3,6,85.80),(151,33,4,3,45.90),(152,33,5,3,48.90),(153,33,6,2,34.60),(154,33,7,2,36.60),(155,33,8,6,115.80),(156,33,9,1,20.30),(157,33,10,2,42.60),(158,34,2,6,79.80),(159,34,3,6,85.80),(160,34,4,3,45.90),(161,34,5,3,48.90),(162,34,6,2,34.60),(163,34,7,2,36.60),(164,34,8,6,115.80),(165,34,9,1,20.30),(166,34,10,2,42.60),(167,35,2,6,79.80),(168,35,3,6,85.80),(169,35,4,3,45.90),(170,35,5,3,48.90),(171,35,6,2,34.60),(172,35,7,2,36.60),(173,35,8,6,115.80),(174,35,9,1,20.30),(175,35,10,2,42.60),(176,36,2,6,79.80),(177,36,3,6,85.80),(178,36,4,3,45.90),(179,36,5,3,48.90),(180,36,6,2,34.60),(181,36,7,2,36.60),(182,36,8,6,115.80),(183,36,9,1,20.30),(184,36,10,2,42.60),(185,37,2,6,79.80),(186,37,3,6,85.80),(187,37,4,3,45.90),(188,37,5,3,48.90),(189,37,6,2,34.60),(190,37,7,2,36.60),(191,37,8,6,115.80),(192,37,9,1,20.30),(193,37,10,2,42.60),(194,38,2,6,79.80),(195,38,3,6,85.80),(196,38,4,3,45.90),(197,38,5,3,48.90),(198,38,6,2,34.60),(199,38,7,2,36.60),(200,38,8,6,115.80),(201,38,9,1,20.30),(202,38,10,2,42.60),(203,39,2,6,79.80),(204,39,3,6,85.80),(205,39,4,3,45.90),(206,39,5,3,48.90),(207,39,6,2,34.60),(208,39,7,2,36.60),(209,39,8,6,115.80),(210,39,9,1,20.30),(211,39,10,2,42.60),(212,40,2,6,79.80),(213,40,3,6,85.80),(214,40,4,3,45.90),(215,40,5,3,48.90),(216,40,6,2,34.60),(217,40,7,2,36.60),(218,40,8,6,115.80),(219,40,9,1,20.30),(220,40,10,2,42.60),(221,41,2,6,79.80),(222,41,3,6,85.80),(223,41,4,3,45.90),(224,41,5,3,48.90),(225,41,6,2,34.60),(226,41,7,2,36.60),(227,41,8,6,115.80),(228,41,9,1,20.30),(229,41,10,2,42.60),(230,42,2,6,79.80),(231,42,3,6,85.80),(232,42,4,3,45.90),(233,42,5,3,48.90),(234,42,6,2,34.60),(235,42,7,2,36.60),(236,42,8,6,115.80),(237,42,9,1,20.30),(238,42,10,2,42.60),(239,43,2,6,79.80),(240,43,3,6,85.80),(241,43,4,3,45.90),(242,43,5,3,48.90),(243,43,6,2,34.60),(244,43,7,2,36.60),(245,43,8,6,115.80),(246,43,9,1,20.30),(247,43,10,2,42.60),(248,44,2,6,79.80),(249,44,3,6,85.80),(250,44,4,3,45.90),(251,44,5,3,48.90),(252,44,6,2,34.60),(253,44,7,2,36.60),(254,44,8,6,115.80),(255,44,9,1,20.30),(256,44,10,2,42.60),(257,45,2,6,79.80),(258,45,3,6,85.80),(259,45,4,3,45.90),(260,45,5,3,48.90),(261,45,6,2,34.60),(262,45,7,2,36.60),(263,45,8,6,115.80),(264,45,9,1,20.30),(265,45,10,2,42.60),(266,46,2,6,79.80),(267,46,3,6,85.80),(268,46,4,3,45.90),(269,46,5,3,48.90),(270,46,6,2,34.60),(271,46,7,2,36.60),(272,46,8,6,115.80),(273,46,9,1,20.30),(274,46,10,2,42.60),(275,47,2,6,79.80),(276,47,3,6,85.80),(277,47,4,3,45.90),(278,47,5,3,48.90),(279,47,6,2,34.60),(280,47,7,2,36.60),(281,47,8,6,115.80),(282,47,9,1,20.30),(283,47,10,2,42.60),(284,48,2,6,79.80),(285,48,3,6,85.80),(286,48,4,3,45.90),(287,48,5,3,48.90),(288,48,6,2,34.60),(289,48,7,2,36.60),(290,48,8,6,115.80),(291,48,9,1,20.30),(292,48,10,2,42.60),(293,49,2,6,79.80),(294,49,3,6,85.80),(295,49,4,3,45.90),(296,49,5,3,48.90),(297,49,6,2,34.60),(298,49,7,2,36.60),(299,49,8,6,115.80),(300,49,9,1,20.30),(301,49,10,2,42.60),(302,50,2,6,79.80),(303,50,3,6,85.80),(304,50,4,3,45.90),(305,50,5,3,48.90),(306,50,6,2,34.60),(307,50,7,2,36.60),(308,50,8,6,115.80),(309,50,9,1,20.30),(310,50,10,2,42.60),(311,51,2,6,79.80),(312,51,3,6,85.80),(313,51,4,3,45.90),(314,51,5,3,48.90),(315,51,6,2,34.60),(316,51,7,2,36.60),(317,51,8,6,115.80),(318,51,9,1,20.30),(319,51,10,2,42.60),(320,52,2,6,79.80),(321,52,3,6,85.80),(322,52,4,3,45.90),(323,52,5,3,48.90),(324,52,6,2,34.60),(325,52,7,2,36.60),(326,52,8,6,115.80),(327,52,9,1,20.30),(328,52,10,2,42.60),(329,53,2,6,79.80),(330,53,3,6,85.80),(331,53,4,3,45.90),(332,53,5,3,48.90),(333,53,6,2,34.60),(334,53,7,2,36.60),(335,53,8,6,115.80),(336,53,9,1,20.30),(337,53,10,2,42.60),(338,54,2,6,79.80),(339,54,3,6,85.80),(340,54,4,3,45.90),(341,54,5,3,48.90),(342,54,6,2,34.60),(343,54,7,2,36.60),(344,54,8,6,115.80),(345,54,9,1,20.30),(346,54,10,2,42.60),(347,55,2,6,79.80),(348,55,3,6,85.80),(349,55,4,3,45.90),(350,55,5,3,48.90),(351,55,6,2,34.60),(352,55,7,2,36.60),(353,55,8,6,115.80),(354,55,9,1,20.30),(355,55,10,2,42.60),(356,56,2,6,79.80),(357,56,3,6,85.80),(358,56,4,3,45.90),(359,56,5,3,48.90),(360,56,6,2,34.60),(361,56,7,2,36.60),(362,56,8,6,115.80),(363,56,9,1,20.30),(364,56,10,2,42.60),(365,57,2,6,79.80),(366,57,3,6,85.80),(367,57,4,3,45.90),(368,57,5,3,48.90),(369,57,6,2,34.60),(370,57,7,2,36.60),(371,57,8,6,115.80),(372,57,9,1,20.30),(373,57,10,2,42.60),(374,58,2,6,79.80),(375,58,3,6,85.80),(376,58,4,3,45.90),(377,58,5,3,48.90),(378,58,6,2,34.60),(379,58,7,2,36.60),(380,58,8,6,115.80),(381,58,9,1,20.30),(382,58,10,2,42.60),(383,59,2,6,79.80),(384,59,3,91,1301.30),(385,59,4,3,45.90),(386,59,5,3,48.90),(387,59,6,2,34.60),(388,59,7,2,36.60),(389,59,8,6,115.80),(390,59,9,1,20.30),(391,59,10,2,42.60),(392,60,2,6,13.30),(393,60,3,91,14.30),(394,60,4,3,15.30),(395,60,5,3,16.30),(396,60,6,2,17.30),(397,60,7,2,18.30),(398,60,8,6,19.30),(399,60,9,1,20.30),(400,60,10,2,21.30),(401,61,2,6,79.80),(402,61,3,90,1287.00),(403,62,2,6,13.30),(404,62,3,90,14.30),(405,63,2,6,79.80),(406,63,3,1,14.30),(407,64,2,3,39.90),(408,64,3,20,286.00),(409,65,2,3,39.90),(410,65,3,7,100.10),(411,66,2,3,39.90),(412,66,3,70,1001.00),(413,67,2,3,13.30),(414,67,3,70,14.30),(415,68,2,3,13.30),(416,68,3,70,14.30),(417,69,2,3,13.30),(418,69,3,70,14.30),(419,70,2,3,13.30),(420,70,3,70,14.30),(421,71,2,3,13.30),(422,71,3,70,14.30),(423,72,2,3,13.30),(424,72,3,70,14.30),(425,73,2,3,13.30),(426,73,3,70,14.30),(427,74,2,3,13.30),(428,74,3,70,14.30),(429,75,2,3,13.30),(430,75,3,70,14.30),(431,76,2,3,13.30),(432,76,3,70,14.30),(433,77,2,3,13.30),(434,77,3,70,14.30),(435,78,2,3,13.30),(436,78,3,70,14.30),(437,79,2,3,13.30),(438,79,3,70,14.30),(439,80,2,3,13.30),(440,80,3,70,14.30),(441,81,2,3,13.30),(442,81,3,70,14.30),(443,82,2,3,13.30),(444,82,3,70,14.30),(445,83,2,3,13.30),(446,83,3,70,14.30),(447,84,2,3,39.90),(448,84,3,70,1001.00),(449,85,2,3,39.90),(450,85,3,70,1001.00),(451,86,2,3,13.30),(452,86,3,70,14.30);
/*!40000 ALTER TABLE `item_pedido` ENABLE KEYS */;
UNLOCK TABLES;

--
-- Table structure for table `pedido`
--

DROP TABLE IF EXISTS `pedido`;
/*!40101 SET @saved_cs_client     = @@character_set_client */;
/*!50503 SET character_set_client = utf8mb4 */;
CREATE TABLE `pedido` (
  `id` bigint NOT NULL AUTO_INCREMENT,
  `id_user` int NOT NULL,
  `ID_STATUS` int NOT NULL,
  `DATA_PEDIDO` datetime DEFAULT CURRENT_TIMESTAMP,
  `VALOR_TOTAL` decimal(11,2) DEFAULT NULL,
  `VALOR_TOTAL_PAGO` decimal(11,2) DEFAULT NULL,
  PRIMARY KEY (`id`),
  KEY `ID_STATUS` (`ID_STATUS`),
  KEY `idx_pedidos_user_id` (`id_user`),
  KEY `idx_pedidos_data_pedido` (`DATA_PEDIDO`),
  KEY `idx_pedidos_user_id_valor_total_STATUS` (`id_user`,`VALOR_TOTAL`),
  CONSTRAINT `pedido_ibfk_1` FOREIGN KEY (`ID_STATUS`) REFERENCES `status_pedido` (`id`),
  CONSTRAINT `pedido_ibfk_2` FOREIGN KEY (`id_user`) REFERENCES `user` (`id`)
) ENGINE=InnoDB AUTO_INCREMENT=87 DEFAULT CHARSET=utf8mb4 COLLATE=utf8mb4_0900_ai_ci;
/*!40101 SET character_set_client = @saved_cs_client */;

--
-- Dumping data for table `pedido`
--

LOCK TABLES `pedido` WRITE;
/*!40000 ALTER TABLE `pedido` DISABLE KEYS */;
INSERT INTO `pedido` VALUES (1,2,2,'2025-03-16 12:00:12',165.60,3000.60),(2,2,2,'2025-03-16 12:00:17',165.60,3000.60),(3,2,2,'2025-03-16 12:00:17',165.60,3000.60),(4,2,2,'2025-03-16 12:00:18',165.60,3000.60),(5,2,2,'2025-03-16 12:00:19',165.60,3000.60),(6,2,2,'2025-03-16 12:00:20',165.60,3000.60),(7,2,2,'2025-03-16 12:00:20',165.60,3000.60),(8,2,2,'2025-03-16 12:00:21',165.60,3000.60),(9,2,2,'2025-03-16 12:00:22',165.60,3000.60),(10,2,2,'2025-03-16 12:00:23',165.60,165.60),(11,2,2,'2025-03-16 12:00:24',165.60,1505.60),(12,2,2,'2025-03-16 12:00:24',165.60,1505.60),(13,2,2,'2025-03-16 12:00:25',165.60,1505.60),(14,2,1,'2025-03-16 12:00:26',165.60,165.60),(15,2,3,'2025-03-16 12:00:27',NULL,NULL),(16,2,3,'2025-03-16 12:00:28',NULL,NULL),(17,2,2,'2025-03-16 12:00:28',165.60,200.60),(18,2,2,'2025-03-16 12:00:29',165.60,1500.60),(19,2,2,'2025-03-16 12:00:30',165.60,1999.60),(20,2,2,'2025-03-16 12:00:31',165.60,1999.60),(21,2,2,'2025-03-16 12:04:32',510.30,3000.60),(22,2,2,'2025-03-16 12:04:47',510.30,3000.60),(23,5,2,'2025-03-16 12:08:09',510.30,3000.60),(24,5,2,'2025-03-16 12:08:11',510.30,3000.60),(25,5,2,'2025-03-16 12:08:12',510.30,3000.60),(26,5,2,'2025-03-16 12:08:14',510.30,3000.60),(27,5,2,'2025-03-16 12:08:22',510.30,3000.60),(28,9,2,'2025-03-16 12:09:03',510.30,3000.60),(29,9,2,'2025-03-16 12:09:08',510.30,3000.60),(30,9,2,'2025-03-16 12:09:09',510.30,3000.60),(31,9,2,'2025-03-16 12:09:09',510.30,3000.60),(32,10,2,'2025-03-16 12:10:54',510.30,3000.60),(33,10,2,'2025-03-16 12:10:55',510.30,3000.60),(34,10,2,'2025-03-16 12:11:00',510.30,3000.60),(35,10,2,'2025-03-16 12:11:01',510.30,3000.60),(36,10,2,'2025-03-16 12:11:02',510.30,3000.60),(37,10,2,'2025-03-16 12:11:03',510.30,3000.60),(38,11,2,'2025-03-16 12:11:26',510.30,3000.60),(39,11,2,'2025-03-16 12:11:28',510.30,3000.60),(40,11,2,'2025-03-16 12:11:29',510.30,3000.60),(41,6,2,'2025-03-16 12:11:50',510.30,3000.60),(42,6,2,'2025-03-16 12:11:52',510.30,3000.60),(43,5,2,'2025-03-16 12:12:17',510.30,3000.60),(44,5,2,'2025-03-16 12:12:18',510.30,3000.60),(45,5,2,'2025-03-16 12:12:19',510.30,3000.60),(46,5,2,'2025-03-16 12:12:20',510.30,3000.60),(47,5,2,'2025-03-16 12:12:21',510.30,3000.60),(48,5,2,'2025-03-16 12:12:21',510.30,3000.60),(49,8,2,'2025-03-16 12:12:53',510.30,3000.60),(50,7,2,'2025-03-16 12:13:10',510.30,3000.60),(51,7,2,'2025-03-16 12:13:14',510.30,3000.60),(52,2,3,'2025-03-17 04:53:31',510.30,NULL),(53,2,2,'2025-03-17 04:54:34',510.30,510.30),(54,2,2,'2025-03-17 04:56:47',510.30,510.30),(55,2,2,'2025-03-17 05:04:06',510.30,510.30),(56,2,2,'2025-03-17 05:04:47',510.30,510.30),(57,2,2,'2025-03-17 05:09:01',510.30,510.30),(58,5,2,'2025-03-17 05:26:41',510.30,510.30),(59,5,2,'2025-03-17 05:28:41',1725.80,1725.80),(60,5,1,'2025-03-17 05:29:07',1725.80,NULL),(61,9,2,'2025-03-17 05:31:48',1366.80,1725.80),(62,10,1,'2025-03-17 05:33:35',1366.80,NULL),(63,10,2,'2025-03-17 05:34:52',94.10,94.10),(64,8,2,'2025-03-17 05:36:55',325.90,325.90),(65,6,2,'2025-03-17 05:44:34',140.00,140.00),(66,11,2,'2025-03-17 05:47:23',1040.90,1040.90),(67,5,1,'2025-03-17 07:04:24',1040.90,NULL),(68,5,1,'2025-03-17 07:09:45',1040.90,NULL),(69,5,1,'2025-03-17 07:09:49',1040.90,NULL),(70,2,1,'2025-03-17 07:10:12',1040.90,NULL),(71,2,1,'2025-03-17 07:15:55',1040.90,NULL),(72,2,1,'2025-03-17 07:16:27',1040.90,NULL),(73,2,1,'2025-03-17 07:18:12',1040.90,NULL),(74,2,1,'2025-03-17 07:18:45',1040.90,NULL),(75,1,1,'2025-03-17 07:19:56',1040.90,NULL),(76,1,1,'2025-03-17 07:21:21',1040.90,NULL),(77,6,1,'2025-03-17 07:22:04',1040.90,NULL),(78,6,1,'2025-03-17 07:22:16',1040.90,NULL),(79,6,1,'2025-03-17 07:25:37',1040.90,NULL),(80,1,1,'2025-03-17 07:26:00',1040.90,NULL),(81,1,1,'2025-03-17 07:37:54',1040.90,NULL),(82,1,1,'2025-03-17 07:40:05',1040.90,NULL),(83,1,1,'2025-03-17 07:40:07',1040.90,NULL),(84,6,2,'2025-03-17 07:42:38',1040.90,1040.90),(85,1,2,'2025-03-17 07:43:17',1040.90,1040.90),(86,11,1,'2025-03-17 08:38:31',1040.90,NULL);
/*!40000 ALTER TABLE `pedido` ENABLE KEYS */;
UNLOCK TABLES;

--
-- Table structure for table `produto`
--

DROP TABLE IF EXISTS `produto`;
/*!40101 SET @saved_cs_client     = @@character_set_client */;
/*!50503 SET character_set_client = utf8mb4 */;
CREATE TABLE `produto` (
  `id` bigint NOT NULL AUTO_INCREMENT,
  `nome` varchar(255) NOT NULL,
  `categoria` varchar(255) NOT NULL,
  `preco` decimal(11,2) NOT NULL,
  `qtd_estoque` int NOT NULL,
  PRIMARY KEY (`id`),
  UNIQUE KEY `nome` (`nome`)
) ENGINE=InnoDB AUTO_INCREMENT=30 DEFAULT CHARSET=utf8mb4 COLLATE=utf8mb4_0900_ai_ci;
/*!40101 SET character_set_client = @saved_cs_client */;

--
-- Dumping data for table `produto`
--

LOCK TABLES `produto` WRITE;
/*!40000 ALTER TABLE `produto` DISABLE KEYS */;
INSERT INTO `produto` VALUES (1,'BATATA','LEGUME',12.30,10000),(2,'ABOBORA','LEGUME',13.30,9943),(3,'CENOURA','LEGUME',14.30,9233),(4,'MAÇA','FRUTA',15.30,9883),(5,'UVA','FRUTA',16.30,9883),(6,'PERA','FRUTA',17.30,9922),(7,'ABACATE','FRUTA',18.30,9922),(8,'AMORA','FRUTA',19.30,9766),(9,'FRAMBOESA','FRUTA',20.30,9961),(10,'FIGO','FRUTA',21.30,9922),(11,'GOIABA','FRUTA',22.30,10000),(12,'PESSEGO','FRUTA',17.80,0),(13,'JACA','FRUTA',17.80,0),(14,'MAMÃO','FRUTA',17.80,0),(15,'MELANCIA','FRUTA',17.80,0),(16,'TANGERINA','FRUTA',17.80,0),(17,'ACEROLA','FRUTA',17.80,0),(18,'GRAVIOLA','FRUTA',17.80,0),(21,'MANGA','FRUTA',17.80,30),(25,'ALFACE','VERDURA',17.80,30),(26,'COUVE','VERDURA',17.80,30),(29,'PIMENTAO','LEGUME',17.80,30);
/*!40000 ALTER TABLE `produto` ENABLE KEYS */;
UNLOCK TABLES;

--
-- Table structure for table `status_pedido`
--

DROP TABLE IF EXISTS `status_pedido`;
/*!40101 SET @saved_cs_client     = @@character_set_client */;
/*!50503 SET character_set_client = utf8mb4 */;
CREATE TABLE `status_pedido` (
  `id` int NOT NULL AUTO_INCREMENT,
  `DESCRICAO` varchar(100) DEFAULT NULL,
  PRIMARY KEY (`id`)
) ENGINE=InnoDB AUTO_INCREMENT=4 DEFAULT CHARSET=utf8mb4 COLLATE=utf8mb4_0900_ai_ci;
/*!40101 SET character_set_client = @saved_cs_client */;

--
-- Dumping data for table `status_pedido`
--

LOCK TABLES `status_pedido` WRITE;
/*!40000 ALTER TABLE `status_pedido` DISABLE KEYS */;
INSERT INTO `status_pedido` VALUES (1,'PENDENTE'),(2,'PAGO'),(3,'CANCELADO');
/*!40000 ALTER TABLE `status_pedido` ENABLE KEYS */;
UNLOCK TABLES;

--
-- Table structure for table `user`
--

DROP TABLE IF EXISTS `user`;
/*!40101 SET @saved_cs_client     = @@character_set_client */;
/*!50503 SET character_set_client = utf8mb4 */;
CREATE TABLE `user` (
  `id` int NOT NULL AUTO_INCREMENT,
  `username` varchar(255) NOT NULL,
  `password` varchar(255) NOT NULL,
  `email` varchar(255) NOT NULL,
  `role` varchar(50) DEFAULT NULL,
  `nome` varchar(255) DEFAULT NULL,
  PRIMARY KEY (`id`),
  UNIQUE KEY `username` (`username`)
) ENGINE=InnoDB AUTO_INCREMENT=29 DEFAULT CHARSET=utf8mb4 COLLATE=utf8mb4_0900_ai_ci;
/*!40101 SET character_set_client = @saved_cs_client */;

--
-- Dumping data for table `user`
--

LOCK TABLES `user` WRITE;
/*!40000 ALTER TABLE `user` DISABLE KEYS */;
INSERT INTO `user` VALUES (1,'MIGUEL','$2a$10$tLaWPEuc/V2vZfb.1tlPOeiSiVdXMriq7ZREZEt/pn.Y1UOoAN9ie','franciscomiguel2003@gmail.com','ADMIN','Francisco Miguel'),(2,'JOAO','$2a$10$tLaWPEuc/V2vZfb.1tlPOeiSiVdXMriq7ZREZEt/pn.Y1UOoAN9ie','franciscomiguel2003@gmail.com','ADMIN','João Pedro'),(3,'CARLOS','$2a$10$tLaWPEuc/V2vZfb.1tlPOeiSiVdXMriq7ZREZEt/pn.Y1UOoAN9ie','franciscomiguel2003@gmail.com','USER','Carlos Silva'),(4,'ROBERTO','$2a$10$tLaWPEuc/V2vZfb.1tlPOeiSiVdXMriq7ZREZEt/pn.Y1UOoAN9ie','franciscomiguel2003@gmail.com','USER','Roberto Campos'),(5,'JUVENAL','$2a$10$tLaWPEuc/V2vZfb.1tlPOeiSiVdXMriq7ZREZEt/pn.Y1UOoAN9ie','franciscomiguel2003@gmail.com','USER','Juvenal Pinto'),(6,'MAURICIO','$2a$10$tLaWPEuc/V2vZfb.1tlPOeiSiVdXMriq7ZREZEt/pn.Y1UOoAN9ie','franciscomiguel2003@gmail.com','USER','Mauricio Lima'),(7,'AUGUSTO','$2a$10$tLaWPEuc/V2vZfb.1tlPOeiSiVdXMriq7ZREZEt/pn.Y1UOoAN9ie','franciscomiguel2003@gmail.com','USER','Augusto Cesar'),(8,'TAVARES','$2a$10$tLaWPEuc/V2vZfb.1tlPOeiSiVdXMriq7ZREZEt/pn.Y1UOoAN9ie','franciscomiguel2003@gmail.com','USER','Tavares Doido'),(9,'CLEITON','$2a$10$tLaWPEuc/V2vZfb.1tlPOeiSiVdXMriq7ZREZEt/pn.Y1UOoAN9ie','franciscomiguel2003@gmail.com','USER','Cleiton Zaroio'),(10,'JANAINA','$2a$10$tLaWPEuc/V2vZfb.1tlPOeiSiVdXMriq7ZREZEt/pn.Y1UOoAN9ie','franciscomiguel2003@gmail.com','USER','Janaina Minion'),(11,'PAULA','$2a$10$tLaWPEuc/V2vZfb.1tlPOeiSiVdXMriq7ZREZEt/pn.Y1UOoAN9ie','franciscomiguel2003@gmail.com','USER','Paula Costa'),(12,'PRISCO','$2a$10$7lFu3TzHi02Qdzgdc4Jw4e4KfKLhU.nMZfrNb5TmPyXLBW8GHeAmK','franciscomiguel2003@gmail.com','USER','Gabriel Prisco'),(13,'JORDANO','$2a$10$YMcz7gEtMXc0sP5z.Km9Ce0zyKGQDl5Cg55qw92Np.1OV81KGoNsS','franciscomiguel2003@gmail.com','ADMIN','Jordano Santos'),(14,'Julian','$2a$10$Y9XKPjzUGm.MOEjCCHxk8.JxqSBEZb1qSit.KBL3IfLUJw673IQve','franciscomiguel2003@gmail.com','ADMIN','Julian Santos'),(16,'tomaz','$2a$10$IHZcpIzpITTfFBcapK0jieCBTDZA0pgWU373YzvDx8jm.XO8Axj.m','franciscomiguel2003@gmail.com','ADMIN','Tomaz Aquino'),(25,'Xuxa','$2a$10$kxeflGkeTsVRoP7SU4uCYORGiU672pqcxCCINMNEr3ew8kYYmcmNK','franciscomiguel2003@gmail.com','ADMIN','Xuxa Joelma'),(27,'JOELMA','$2a$10$hdMWoIacmwYeMiv6cc0hSOsUJhFqIxG2C52drn9qrl1uLrUWyuy3.','franciscomiguel2003@gmail.com','ADMIN','Joelma Ximbinha'),(28,'XIMBINHA','$2a$10$nj4OtZcw5KKqDMjjFlLyqOXmO8lWGSN3VN8/q526f97nZxJ089OS6','franciscomiguel2003@gmail.com','ADMIN','Joelma Ximbinha');
/*!40000 ALTER TABLE `user` ENABLE KEYS */;
UNLOCK TABLES;

--
-- Dumping routines for database 'foursalesdb'
--
/*!40103 SET TIME_ZONE=@OLD_TIME_ZONE */;

/*!40101 SET SQL_MODE=@OLD_SQL_MODE */;
/*!40014 SET FOREIGN_KEY_CHECKS=@OLD_FOREIGN_KEY_CHECKS */;
/*!40014 SET UNIQUE_CHECKS=@OLD_UNIQUE_CHECKS */;
/*!40101 SET CHARACTER_SET_CLIENT=@OLD_CHARACTER_SET_CLIENT */;
/*!40101 SET CHARACTER_SET_RESULTS=@OLD_CHARACTER_SET_RESULTS */;
/*!40101 SET COLLATION_CONNECTION=@OLD_COLLATION_CONNECTION */;
/*!40111 SET SQL_NOTES=@OLD_SQL_NOTES */;

-- Dump completed on 2025-03-17  9:57:49
